{
  "train_loss": [
    1.0691910237073898,
    0.7528092674911022,
    0.6749520571902394,
    0.5381378084421158,
    0.3899125140160322,
    0.524215065408498,
    0.5206905142404139,
    0.46399920666590333,
    0.39360112219583243,
    0.36288017279002815,
    0.24672825378365815,
    0.19176898442674428,
    0.5504701198078692,
    0.17862994445022196,
    0.42715634719934314,
    0.13743626614450477,
    0.13081829153816216,
    0.21791914093773812,
    0.18928056993172504,
    0.3765791735131643,
    0.22370045181014575,
    0.27747086198360194,
    0.1453454042566591
  ],
  "val_loss": [
    1.0940968990325928,
    0.7906431555747986,
    1.518757313489914,
    0.9997945604845881,
    1.0055826604366302,
    0.8058245070278645,
    1.8432846143841743,
    0.9387083947658539,
    0.7255814857780933,
    1.0524935852736235,
    1.6368922528345138,
    1.686857441905886,
    1.4733447209000587,
    1.2871364069287665,
    1.6019688518717885,
    1.47191351786023,
    1.22377714747563,
    1.4086257554590702,
    2.7168227729271166,
    2.503095418214798,
    1.6738603711128235,
    2.9504076281446032,
    1.286268987285439
  ],
  "train_auroc": [
    0.6183962264150944,
    0.8766037735849057,
    0.8945283018867924,
    0.9361320754716981,
    0.9649056603773585,
    0.9528301886792454,
    0.9495283018867924,
    0.9479245283018868,
    0.9683018867924529,
    0.970188679245283,
    0.985754716981132,
    0.9928301886792453,
    0.9727358490566037,
    0.9884905660377358,
    0.9814150943396227,
    0.9937735849056605,
    0.9966981132075471,
    0.9920754716981133,
    0.9886792452830189,
    0.9834905660377358,
    0.9839622641509433,
    0.9875471698113207,
    0.9939622641509434
  ],
  "val_auroc": [
    0.8450413223140496,
    0.8801652892561984,
    0.8760330578512396,
    0.8388429752066116,
    0.8636363636363636,
    0.890495867768595,
    0.8140495867768596,
    0.8987603305785123,
    0.890495867768595,
    0.8347107438016529,
    0.8181818181818181,
    0.8057851239669421,
    0.8801652892561983,
    0.8863636363636364,
    0.8285123966942148,
    0.8533057851239669,
    0.8677685950413223,
    0.8533057851239669,
    0.8636363636363636,
    0.7851239669421488,
    0.8553719008264462,
    0.7582644628099173,
    0.8739669421487604
  ]
}