{
  "train_loss": [
    1.0550051890313625,
    0.7724399995058775,
    0.6974828019738197,
    0.5082653714343905,
    0.5057505005970597,
    0.5473815412260592,
    0.4511654395610094,
    0.32603994896635413,
    0.29870639566797763,
    0.4793556360527873,
    0.2598531758412719,
    0.48240367230027914,
    0.25899847538676113,
    0.18347158597316593,
    0.18525137257529423,
    0.16712708870181814,
    0.3570495419262443,
    0.18108625954482704,
    0.3182080344995484,
    0.297386923833983,
    0.09314050516695715,
    0.15321530778237502,
    0.11457670963864075,
    0.2715206800858141,
    0.2704875135968905,
    0.19616978475823998,
    0.0691436940105632,
    0.10632977726345416,
    0.03173325652096537,
    0.1362867197694868,
    0.10442911653808551,
    0.15494893558843614,
    0.03258379860926652,
    0.006246570018447528,
    0.04987873610571114,
    0.09743601788613887,
    0.08196676825355098,
    0.03318917950764444,
    0.054543785248370114,
    0.08143784559217693,
    0.3748391370859281
  ],
  "val_loss": [
    1.0627881288528442,
    0.7849618941545486,
    1.8344068229198456,
    0.5497786998748779,
    1.3091812580823898,
    0.6009215004742146,
    1.1493864133954048,
    0.9008666523732245,
    0.9938571527600288,
    0.6848461255431175,
    2.937416402157396,
    0.5294970870018005,
    1.1218188628554344,
    0.6453185128048062,
    1.0613701961701736,
    1.1045164372771978,
    1.4478859826922417,
    1.2721685604192317,
    1.801057101227343,
    0.9359408337622881,
    2.452232241630554,
    2.230514958500862,
    2.380354915978387,
    2.563883602619171,
    2.275803535594605,
    1.5727313810493797,
    1.275583595248463,
    1.4504114892333746,
    1.8496173708881543,
    1.747398555278778,
    1.9105239781456476,
    1.6041176863200235,
    2.248691418362796,
    1.9509884482431517,
    2.322747954982333,
    1.9153330884873867,
    1.4641264295205474,
    2.1600472732634444,
    2.4524730895645916,
    1.7222417533339467,
    1.7375527396798134
  ],
  "train_auroc": [
    0.6591509433962266,
    0.8642452830188679,
    0.8878301886792453,
    0.935754716981132,
    0.9467924528301886,
    0.9372641509433962,
    0.9535849056603773,
    0.9736792452830189,
    0.9797169811320754,
    0.9662264150943396,
    0.9815094339622642,
    0.9563207547169812,
    0.985754716981132,
    0.9883962264150944,
    0.9925471698113209,
    0.9930188679245283,
    0.9862264150943396,
    0.9941509433962263,
    0.9821698113207546,
    0.990188679245283,
    0.9969811320754717,
    0.9960377358490566,
    0.9960377358490566,
    0.9899056603773585,
    0.9879245283018867,
    0.9955660377358491,
    0.9988679245283019,
    0.9963207547169811,
    0.9991509433962265,
    0.9972641509433962,
    0.9987735849056604,
    0.9976415094339622,
    0.9997169811320755,
    1.0,
    0.9989622641509434,
    0.9988679245283019,
    0.999622641509434,
    0.999811320754717,
    0.9987735849056604,
    0.9988679245283019,
    0.9958490566037735
  ],
  "val_auroc": [
    0.8822314049586777,
    0.78099173553719,
    0.8223140495867769,
    0.9111570247933883,
    0.6942148760330579,
    0.9049586776859505,
    0.7933884297520661,
    0.8966942148760331,
    0.8305785123966942,
    0.9049586776859504,
    0.7789256198347109,
    0.9380165289256198,
    0.8388429752066116,
    0.9359504132231405,
    0.8822314049586777,
    0.9028925619834711,
    0.859504132231405,
    0.8925619834710744,
    0.8099173553719008,
    0.8966942148760331,
    0.7355371900826446,
    0.7644628099173554,
    0.8925619834710743,
    0.8615702479338843,
    0.8119834710743802,
    0.9483471074380165,
    0.9008264462809916,
    0.878099173553719,
    0.8801652892561984,
    0.8698347107438017,
    0.847107438016529,
    0.8884297520661157,
    0.834710743801653,
    0.859504132231405,
    0.8429752066115702,
    0.8388429752066116,
    0.8801652892561984,
    0.8966942148760331,
    0.8140495867768596,
    0.9090909090909092,
    0.8801652892561983
  ]
}