{
  "train_loss": [
    1.0639921352267265,
    0.717052660882473,
    0.5651811799034476,
    0.4424800956621766,
    0.4414277644827962,
    0.3411611143965274,
    0.5949493325315416,
    0.3193972511216998,
    0.29532094299793243,
    0.37686672306153923,
    0.20988501544343308,
    0.3891801933059469,
    0.25687986286357045,
    0.1258890642784536,
    0.40381089982111007,
    0.08591733552748337,
    0.24767234019964235,
    0.1814745441370178,
    0.17368615719897207,
    0.2296564252319513,
    0.07092484073655214,
    0.1934769751969725,
    0.05707827863807324,
    0.31587816323008155,
    0.09666297197327367
  ],
  "val_loss": [
    1.04680235683918,
    0.6844135820865631,
    1.37694850564003,
    0.9291161485016346,
    1.4149746869225055,
    0.8064868366345763,
    2.3181013157591224,
    1.1593986677471548,
    1.8455830663442612,
    0.925555672030896,
    1.7766854059882462,
    1.182636708021164,
    1.1922374336281791,
    1.5984558989293873,
    1.7682130916509777,
    2.3838114887621487,
    2.0015711784362793,
    2.645770959366928,
    1.8637927332893014,
    2.14074134407565,
    1.8704120233014692,
    2.4728345721960068,
    2.3769233808270656,
    1.3950434257276356,
    1.7518434606317896
  ],
  "train_auroc": [
    0.6557547169811322,
    0.8800943396226415,
    0.9173584905660377,
    0.9479245283018868,
    0.955566037735849,
    0.9699056603773585,
    0.9525471698113208,
    0.9780188679245283,
    0.9820754716981133,
    0.9695283018867925,
    0.9869811320754718,
    0.9737735849056605,
    0.989811320754717,
    0.9967924528301887,
    0.9810377358490566,
    0.9983018867924528,
    0.9922641509433962,
    0.9944339622641509,
    0.9926415094339623,
    0.9950943396226416,
    0.9962264150943396,
    0.9959433962264151,
    0.9971698113207547,
    0.9902830188679246,
    0.9976415094339622
  ],
  "val_auroc": [
    0.865702479338843,
    0.8677685950413223,
    0.8533057851239669,
    0.8429752066115702,
    0.8388429752066116,
    0.8698347107438016,
    0.7871900826446281,
    0.8595041322314049,
    0.7933884297520661,
    0.8801652892561984,
    0.8243801652892562,
    0.8119834710743802,
    0.8615702479338843,
    0.7789256198347108,
    0.8305785123966942,
    0.8512396694214875,
    0.8491735537190083,
    0.7892561983471074,
    0.8512396694214877,
    0.7995867768595042,
    0.8615702479338844,
    0.8181818181818181,
    0.8512396694214875,
    0.8491735537190083,
    0.8491735537190083
  ]
}